{
    "topic1": [
        0.15000000000000002,
        0.15000000000000002,
        0.15000000000000002,
        0.15000000000000002,
        0.15000000000000002,
        0.15000000000000002,
        0.15000000000000002,
        0.15000000000000002,
        0.15000000000000002,
        0.15000000000000002,
        0.15000000000000002,
        0.15000000000000002,
        0.15000000000000002,
        0.15000000000000002
    ],
    "topic2": [
        0.15000000000000002,
        0.15000000000000002,
        0.15000000000000002,
        0.15000000000000002,
        0.15000000000000002,
        0.15000000000000002,
        0.15000000000000002,
        0.15000000000000002,
        0.15000000000000002,
        0.15000000000000002,
        0.15000000000000002,
        0.15000000000000002,
        0.15000000000000002,
        0.15000000000000002
    ]
}
